{
    "$schema": "https://schema.management.azure.com/schemas/2018-05-01/subscriptionDeploymentTemplate.json#",
    "contentVersion": "1.0.0.0",
    "parameters": {
      "rgName": {
        "type": "string",
        "metadata": {
          "description": "Name of the resourceGroup to create"
        }
      },
      "rgLocation": {
        "type": "string",
        "metadata": {
          "description": "Location for the resourceGroup"
        }
      }
    },
    "variables": { },
    "resources": [
      {
        "type": "Microsoft.Resources/resourceGroups",
        "apiVersion": "2019-10-01",
        "name": "[parameters('rgName')]",
        "location": "[parameters('rgLocation')]",
        "tags": {
          "Note": "subscription level deployment"
        },
        "properties": {}
      }
    ]
  }